{
  "advancement": "minecraft:adventure/root",
  "block_states": {
    "minecraft:tall_grass": "minecraft:obsidian",
    "minecraft:tall_grass[half=upper]": "minecraft:netherite_block"
  },
  "items": {
    "minecraft:diamond_ore": "minecraft:stone",
    "minecraft:redstone_ore": "minecraft:deepslate"
  },
  "item_name_replacements": {
    "minecraft:diamond_ore": "Probably Stone?",
    "minecraft:gold_ore": "Since Gold Ore is not in the items tag above, you should never see this"
  },
  "block_name_replacements": {
    "minecraft:grass": "block.minecraft.dandelion"
  }
}